id,category,iface_dx,bolt_dmax,bolt_d0,bolt_d1,bolt_d2,bolt_d3,n_support,n_load,outlier
0,block,0.37607171586153004,1.9877765606019946,0.8653231963069311,1.9877765606019946,0.7008526676494488,0.6691882211792576,589,754,False
4,beam,0.4843687008115201,1.7349076275251945,0.3399101831642624,1.7349076275251945,1.5620008868642068,1.5799350412984172,806,585,False
6,block,0.4502880680753713,1.7872533610158226,0.5602164664687681,1.7872533610158226,0.3465771826117797,0.28077490486028134,425,693,False
8,beam,0.4246944432065196,1.772968507587103,0.30409783627491194,1.772968507587103,0.5089254554406012,0.4699335728233956,459,314,False
9,beam,0.4721321891755878,1.788732397912337,0.30053226287172147,1.788732397912337,0.2612952047136129,0.07418530497830546,449,642,False
10,block,0.6097477879517006,1.7997591616661965,0.34425318595414633,1.7997591616661965,0.3030538100161403,0.16011393416385866,440,915,False
12,butterfly,0.35925748623480075,1.8005094258564043,0.3491596747233625,1.8005094258564043,0.29991575612019494,0.17296705061370876,1941,1697,False
14,butterfly,0.5100373197077479,1.7940131028902107,0.3544814129296296,1.7940131028902107,0.17326213022257295,0.0795987322950131,466,1058,False
15,beam,0.36526061102563256,1.9225875380403796,0.4970791703055321,1.9225875380403796,0.2922824256599157,0.17581089790782609,428,762,False
16,flat,0.5653841204707215,1.7975838622571103,0.35157264775909414,1.7975838622571103,0.32556415924742355,0.03647396616842846,1902,720,False
19,flat,0.36273231104894715,1.790872528745711,0.32101684866869795,1.790872528745711,0.3735322265616114,0.1709252780700589,430,441,False
20,arch,0.520812785835688,1.9444885926758209,0.41035483891788654,1.9444885926758209,0.34345629002030115,0.30893607898643943,426,333,False
21,arch,0.5365482115567156,1.7120373194360963,0.33140815339091007,1.7120373194360963,0.41106609774533054,0.23972992114087321,422,733,False
22,block,0.4787180015135254,1.8864871315218874,0.33114332080643466,1.8864871315218874,0.27485823425502626,0.7093349517000901,432,727,False
23,beam,0.33410393728276555,1.942526512643378,0.5304935221431059,1.942526512643378,1.2925532943561446,1.2731506453447472,593,1795,False
25,beam,0.4466896638005645,2.145647898870793,0.32593673620075486,2.145647898870793,0.2864852918432591,0.178395032587252,1924,1677,False
27,flat,1.5858413859611025,1.7580995338548642,0.3323685790254378,1.7580995338548642,0.3388550308384793,0.16198768819488565,428,620,False
28,flat,0.4752772558134993,1.8163948336112716,0.35118669374048067,1.8163948336112716,0.3131847982872462,0.22322579187206043,431,740,False
29,butterfly,0.3965882225624206,1.7687674776561482,0.45728401469871105,1.7687674776561482,0.3058575489477088,0.20180475826427613,1813,1614,False
30,arch,0.7611921385510854,1.8642153776548422,0.34526515321285317,1.8642153776548422,0.37233110958134275,0.3916778115866068,407,704,False
33,flat,0.37204062008769134,1.986539275105997,0.311860121604604,1.986539275105997,0.3270879110541368,0.5087113611358186,582,757,False
34,beam,0.8912528961695375,1.780614398396722,0.33526060151150266,1.780614398396722,0.5987093183679816,0.3593258600655406,472,619,False
35,butterfly,0.8710058498876393,1.894170959904773,0.3622093647668441,1.894170959904773,0.6689146211451431,0.3999378972132192,503,623,False
38,arch,0.5430704693998182,1.8111055427280178,0.4925938690360121,1.8111055427280178,0.25121961239179186,0.20010825740030722,414,736,False
39,flat,0.337825051543651,2.0959571012067486,1.156398803328477,2.0959571012067486,1.1278750475942156,1.1099373437981037,324,727,False
40,butterfly,0.389165916631109,2.0161657888328386,0.8569815598477482,2.0161657888328386,0.8201238716177779,0.8000613124111389,371,314,False
50,butterfly,0.24871238647013116,1.761174514367529,0.5680062933820706,1.761174514367529,0.3098000496540583,0.18183739576323774,423,581,False
51,flat,1.339348231742613,1.7291623259341462,0.34697118312032105,1.7291623259341462,0.5531691401122737,0.2954965891580235,309,351,False
53,flat,0.3042179398538364,1.9102061793440275,0.3667195219959841,1.9102061793440275,0.3294002520595707,0.2018541646093384,435,627,False
55,beam,0.6842616898465163,1.8113408873654169,0.3463598086411213,1.8113408873654169,0.3242765727769819,0.18379071280212642,1589,640,False
56,flat,0.8146082770089118,1.7920176687267046,0.35754145086003664,1.7920176687267046,0.3450412168580423,0.1652896945004165,425,714,False
58,flat,0.6727225819145431,1.7357528590667743,0.3485671681568337,1.7357528590667743,0.38180003492564724,0.22194859055179847,427,725,False
59,butterfly,0.5648168196563675,1.8315435828305193,0.3225521976539789,1.8315435828305193,0.30109028672059623,0.17191463276141825,421,732,False
61,flat,0.40410414986076826,1.8215957614511353,0.36079598930511986,1.8215957614511353,0.3996632053973157,0.2748259962904185,430,829,False
62,arch,0.5284212118874451,1.8042229203504294,0.42353906017015713,1.8042229203504294,0.32711310446040515,0.184164043561826,432,650,False
63,block,0.8006959326288813,1.8006557201677038,0.3538773629282957,1.8006557201677038,0.31240050682861054,0.1769305077284271,448,581,False
64,flat,2.530684936193659,1.1368164670879919,0.4320234425947254,1.1368164670879919,0.8886330228914722,0.1076047113289554,454,955,True
65,block,13.268965695074394,2.5817307762494397,1.9001344088506273,2.5817307762494397,1.8499549841849854,1.8427868728194765,276,355,True
66,arch,0.14922862078552715,1.7318837104217744,0.46749435178892834,1.7318837104217744,0.42710343623706987,0.3632189936764008,1108,721,False
69,other,0.5581791137128085,2.381349253445459,1.57324210986277,2.381349253445459,1.529606451305752,1.587941371096963,565,417,False
70,beam,1.084294336916323,2.8183923516909837,0.8797882151158359,2.8183923516909837,0.9243219987825538,0.5788966364942641,356,984,False
71,other,0.19904261867077658,4.78185823041095,0.43222487435759416,2.750833590515772,4.78185823041095,0.35746693974665306,258,426,False
72,flat,0.43161778924300004,1.7462821335727952,0.34976246246077836,1.7462821335727952,0.31787390384326775,0.12727211747009207,433,313,False
73,butterfly,0.3920928632949259,1.8632909203335775,1.09595145752858,1.8632909203335775,0.9053804955499918,1.0735718292762555,541,397,False
76,block,0.4904699008249316,1.8223350778735083,0.42016985505650933,1.8223350778735083,0.2668986821337554,0.23827384385501812,429,355,False
77,block,0.3075856333017994,1.8230863946133173,0.3797796094549702,1.8230863946133173,0.3552018670639998,0.25348227253185546,433,670,False
78,flat,0.46147872145726687,1.7946773997568455,0.31257627683389444,1.7946773997568455,0.27143246542008603,0.09324373508526766,376,310,False
79,block,0.5919360505472081,1.8601395571326094,0.3722965404477018,1.8601395571326094,0.3507671531131548,0.21052005168547686,432,701,False
80,butterfly,0.42036426819138634,1.779019037372347,0.4396023067494193,1.779019037372347,0.35281986113429453,0.3198308564930759,403,768,False
81,butterfly,0.40728309417783726,1.7769838068928454,0.4396987744931476,1.7769838068928454,0.3671483815744955,0.3309501108916469,403,363,False
82,beam,0.639042119083767,1.8552673179156896,0.35865170237607763,1.8552673179156896,0.2735523039090113,0.18674475758695946,1928,937,False
86,block,0.7058520262106814,1.8342581655344223,0.2995798428422138,1.8342581655344223,0.3393869316644874,0.17855796203629987,437,627,False
87,flat,0.36660442301069296,1.85957719787725,0.7545258362169094,1.85957719787725,0.6707819554441672,0.5931222608294717,371,277,False
91,beam,0.4995555278191535,1.6888300236155804,0.36335365677216014,1.6888300236155804,0.3249932617348202,0.18054712636459783,430,516,False
92,flat,15.482836772600226,73.25354342289444,13.70609561713875,73.25354342289444,14.943492486792692,1.0527539664101504,522,309,True
94,butterfly,5.303545836020497,4.961113493228862,0.3742852698635422,4.961113493228862,0.1322857957576619,0.15309076234131228,445,382,True
95,beam,0.8515787516700045,1.8085589571867504,0.33292824666063403,1.8085589571867504,0.4130798803702917,0.2020847767547832,431,721,False
96,flat,4.922411370376395,2.623057024810371,2.342471580621626,2.623057024810371,2.42480560166256,2.4013057530013997,584,1020,True
97,beam,2.919101151812546,4.208774281918381,3.690012903262966,4.208774281918381,3.7386515038073753,3.905416409846411,800,385,True
98,beam,2.5330615043785087,4.208774281918381,3.690012903262966,4.208774281918381,3.714055131013934,3.905416409846411,799,652,True
101,flat,0.43213091271776616,1.7851556222371547,0.3512501013914422,1.7851556222371547,0.33340698914857364,0.26909108734299414,431,720,False
102,flat,0.5550783958594677,1.8893704092311419,0.41697721764530143,1.8893704092311419,0.37328196759636745,0.17594845681468846,996,933,False
106,flat,18.04808028707203,73.25487347052649,13.681012633821037,73.25487347052649,14.914318819100817,0.6684033183995869,491,272,True
107,block,0.44958892621040686,1.9655208210043609,0.3989116595164127,1.9655208210043609,0.42845749494846175,0.2304228576742118,417,1047,False
108,butterfly,0.4253955397632548,1.9548076629978972,0.9048663518367981,1.9548076629978972,0.9542547950368077,1.0755233731529694,619,779,False
112,block,0.46167620301179013,2.162745277311746,1.3633891103116957,2.162745277311746,1.4356704212263949,1.4198571617223736,1114,680,False
113,block,0.39237660415455666,1.7409905226555653,0.3322071695125598,1.7409905226555653,0.35118980467231947,0.19059366838278827,431,755,False
114,butterfly,0.45535550406010655,1.6637799072293926,0.3733101161291839,1.6637799072293926,0.2825762706520937,0.1686381650613325,434,377,False
115,flat,10.22502411546904,2.495196215520567,1.626570436876583,2.495196215520567,1.8784160295154748,1.7237281685676153,1617,757,True
116,flat,0.42438868444412703,1.7062921024390334,0.29111037802872414,1.7062921024390334,0.4129446869492153,0.17839043671911567,434,745,False
119,block,0.6320286419870379,1.6904418665620193,0.292827490541993,1.6904418665620193,0.30112834128022775,0.2257112882378943,430,474,False
120,arch,0.46119432634592,1.9304936417075271,0.4126825069979586,1.9304936417075271,0.25646728629971,0.23008226646779953,428,731,False
121,beam,0.49592054646511413,2.029514409164867,1.2496931292407396,2.029514409164867,0.9995702280462183,0.9786373268095198,484,736,False
122,arch,0.5001306216673674,1.7969247207748558,0.3782949116566174,1.7969247207748558,0.35546929624203266,0.1665683182402813,469,376,False
123,beam,0.37908276271945,1.7557208345376316,0.33371328474353074,1.7557208345376316,0.2987352540415083,0.10196633516902885,1856,1581,False
124,block,34.23281069569733,2.166269997117098,1.258113692440107,2.166269997117098,1.2639856683788533,1.2713857845096446,1011,658,True
125,arch,0.41576288580458165,1.8097653586000981,0.4362801021833275,1.8097653586000981,0.4229342198809889,0.2910574565789557,396,644,False
127,block,0.7062727303893216,1.5278061393922275,0.6851004952085086,1.5278061393922275,0.41798642246281376,0.5581512197631042,447,768,False
129,beam,0.5972602531004698,1.7719929848575398,0.3233522769546663,1.7719929848575398,0.2826241434434236,0.24517885250375313,427,652,False
130,beam,7.401100573382288,18.78670677601343,1.2005985266708545,16.7627260508963,18.78670677601343,1.5402831761459879,585,442,True
131,block,0.4248344323739421,1.8376011695886612,0.43153580388760465,1.8376011695886612,0.28297642552460145,0.17033581833005718,430,1680,False
133,block,0.35759031271384767,1.569443291390358,0.6273458581841679,1.569443291390358,0.6688079447035093,0.3019326669906367,497,709,False
134,flat,0.39487278847086293,2.068766322227702,0.9771703323747514,2.068766322227702,1.046748597365418,0.9990526199746652,514,726,False
135,flat,0.4177553250470915,1.9823137517826879,0.9583944634790798,1.9823137517826879,0.9010356498405759,0.8599448380202889,516,772,False
136,block,0.4685060975753261,2.3728107431711996,1.506836384744848,2.3728107431711996,1.5557454494020484,1.4516382445976699,453,750,False
138,beam,0.26702624163077215,1.823545942119532,0.28281637813627103,1.823545942119532,0.39189223410018703,0.1944814006490275,419,633,False
139,beam,0.4526706229902091,1.75668307462445,0.4133474687613433,1.75668307462445,0.27591259757980235,0.22694703870630617,434,670,False
140,block,0.5010647753939375,1.759084477803099,0.3927364740157815,1.759084477803099,0.2513807500713423,0.23920737786918497,422,724,False
141,block,0.38346557539924647,2.384621205388334,1.6121831471764556,2.384621205388334,1.5861319146358828,1.558109583052021,303,337,False
142,block,0.7572836415125888,1.7553049402932672,0.3443334501654544,1.7553049402932672,0.37200498932121534,0.20970319210828745,439,686,False
146,arch,0.8441979327471816,1.7883108380903956,0.7354372101291982,1.7883108380903956,0.6972295638000449,0.6795441942521694,387,974,False
147,flat,0.3604806936102506,1.8189789984994897,0.3949346151851217,1.8189789984994897,0.2406305669133496,0.2255689453533302,431,725,False
148,butterfly,0.5853766840914523,1.9965509849022731,0.4210879910943536,1.9965509849022731,0.3405168102881219,0.20508342725559495,594,691,False
149,flat,0.33401528326593144,1.8025256423691451,0.3644945396084087,1.8025256423691451,0.30442587796842185,0.22686431258213385,431,775,False
150,block,0.43243691281407803,1.9805275688062254,0.3791211884651489,1.9805275688062254,0.19944289670895282,0.1959548258667466,422,717,False
152,flat,0.6008477525493359,1.9102864758863138,0.5918015349635403,1.9102864758863138,0.3348189199499355,0.24279243042260532,411,762,False
153,beam,0.32838524818451753,1.8012938580985443,0.3565110971086798,1.8012938580985443,0.31209905916098496,0.1770304468445264,448,564,False
163,block,0.546665011803804,1.7930013169813972,0.356009688012597,1.7930013169813972,0.4858450178573067,0.2386690276939817,1065,703,False
164,block,0.1747146446531023,2.133544625180394,1.2570449730100723,2.133544625180394,1.2761489682724125,1.26514579382251,1160,711,False
165,block,0.4700795245458803,3.8019920279557264,3.0125293381018654,3.8019920279557264,3.035892768798342,3.22711343384491,752,508,False
166,flat,0.6453390228721803,1.9933069928437424,1.0063484006072074,1.9933069928437424,1.036719679156098,1.0602939834725307,1047,710,False
167,block,0.38616269651594964,2.9321648425583606,2.181746122166676,2.9321648425583606,2.2039473639631284,2.262351320574572,597,1942,False
169,flat,3.3869077745513976,2.523097761201511,0.9802597161988212,2.523097761201511,0.6149161145792025,0.0769507311367772,460,370,True
170,block,0.6177813285978615,1.9514038013731563,0.31747320803406437,1.9514038013731563,0.3194190597618568,0.2602595098521327,412,738,False
171,flat,0.493492140377798,1.771446898940962,0.3345676409936194,1.771446898940962,0.28474982169922736,0.20056003888146756,473,345,False
173,flat,0.2614432251157091,1.6546462024559792,0.47940377184981847,1.6546462024559792,0.5248455036168553,0.45806704524694597,793,487,False
174,flat,0.41167660502023623,1.9928334799201084,0.3508357476570969,1.9928334799201084,0.32180986533338546,0.4017057755828354,405,705,False
175,flat,0.7880075585231,1.8014158272364593,0.37341625578349774,1.8014158272364593,0.34780640728454393,0.2278678484044727,425,327,False
177,block,12.118281021979547,2.340394743080117,1.525772935589646,2.340394743080117,1.333092593519611,1.3527063240231547,533,774,True
180,block,0.4374538953102385,7.621132411010633,7.621132411010633,7.617211360254528,7.265854395505635,7.437259114109909,1053,769,True
181,block,0.43040471735448005,1.8054822829763018,0.3553688136180512,1.8054822829763018,0.30338703213531876,0.1694260579122351,434,721,False
182,block,0.3844583381712816,1.8041914231905056,0.45684110076224377,1.8041914231905056,0.3431652107609987,0.2026171629505678,416,1919,False
183,block,0.3639858327028177,1.7740640756778303,0.38528225864843946,1.7740640756778303,0.2690772428287768,0.17122388372642286,438,334,False
185,block,0.3016552869540522,2.359006750121307,1.6244104030649793,2.359006750121307,1.5518016517881972,1.524305618728457,1170,757,False
186,block,0.3931801119327489,1.7447941502311528,0.3450993788486322,1.7447941502311528,0.3060858634241366,0.2716268348664518,426,754,False
187,butterfly,1.1908386177390888,1.7925690388537108,0.29476271495975814,1.7925690388537108,0.27393088953829914,0.11056529722625029,454,976,False
191,flat,0.3583205785708046,1.6555841933135091,0.34442543218761135,1.6555841933135091,0.30608640873102666,0.24119242924754664,428,754,False
192,flat,0.3583205785708046,1.6555841933135091,0.34442543218761135,1.6555841933135091,0.30608640873102666,0.24119242924754664,428,754,False
193,flat,0.2914766454911684,2.3589313469288147,1.6244124118007566,2.3589313469288147,1.5518166821465966,1.5243377241032037,1170,759,False
194,flat,0.2832764792277022,1.8069132322655836,0.41640292416152647,1.8069132322655836,0.341784183514538,0.21441618553742156,423,736,False
195,flat,0.4583557512491239,1.8174356227317967,0.31789854351869656,1.8174356227317967,0.29302236662705206,0.15538184858686885,429,719,False
196,arch,5.328523963104149,4.867460843874588,0.2991134066933048,4.867460843874588,0.39765819823908855,0.2676135423279182,436,1041,True
197,flat,5.538202541225983,2.439808651454301,1.5569255077984778,2.439808651454301,1.5177572353843143,1.5186796185754132,558,1715,True
198,flat,0.34654165606064014,1.73038168834938,0.35660087108660443,1.73038168834938,0.36325544506532853,0.23622764916965183,419,633,False
199,flat,0.8169991122493288,1.802458602177783,0.36400912832770604,1.802458602177783,0.3020730356841472,0.18269974833677358,443,680,False
200,flat,1.419976671107805,1.7641606439657413,0.20012821483888704,1.7641606439657413,0.4580926476689113,0.27177976817440297,415,626,False
202,arch,0.4829720990693231,1.771158578941826,0.3207380455648401,1.771158578941826,0.24162506010123574,0.17462074626789284,436,727,False
204,flat,8.243736394180283,2.3599607153423934,1.517096491768906,2.3599607153423934,1.5150772269151331,1.4337636367627231,297,1715,True
205,flat,0.4534221168216935,1.8356860952835188,0.2963562542888346,1.8356860952835188,0.2976329246223582,0.20271318950701386,432,714,False
206,flat,0.38383884759506387,1.7982569664557075,0.4261010688417917,1.7982569664557075,0.2952272794065131,0.1575408806352724,428,741,False
207,butterfly,0.4047122613750965,1.794007443960859,0.37801991127691925,1.794007443960859,0.2857109077119036,0.15746767088101907,431,1608,False
208,flat,0.3932321817336588,1.6182382728357956,0.313489712643865,1.6182382728357956,0.4257075580294928,0.19045544482416032,427,1043,False
209,block,0.2711408456056948,1.7054837160220244,0.3344192850742679,1.7054837160220244,0.2773534412058915,0.23280404891198694,427,739,False
211,block,0.49071046184501016,1.8336189445453337,0.35029189165503233,1.8336189445453337,0.29155526991661534,0.15842185755013952,431,734,False
213,flat,1.306099906184791,1.6604304501236071,0.35035671697672016,1.6604304501236071,0.2790793710176189,0.21385656755743482,443,656,False
214,block,0.7745882915471939,1.914812332066801,0.4459789174909597,1.914812332066801,0.26549499297836865,0.1874656849684338,422,655,False
217,block,0.2168713770429389,1.7883691082219753,0.32201807343954564,1.7883691082219753,0.30908365622069556,0.37461275772178554,425,659,False
220,block,0.45916239483027965,1.7901357051862594,0.3365460195681731,1.7901357051862594,0.31344569922443427,0.23605797761937228,428,264,False
221,other,0.2864401499688396,1.626522531007988,0.19368159353450637,1.626522531007988,0.45318601960230115,0.2386528602245729,391,339,False
223,flat,12.933208908664598,2.3650338107509477,1.5241464449670639,2.3650338107509477,1.48372230041702,1.4644900363524553,301,348,True
225,flat,0.5375381503860927,1.750775116269792,0.24868400061048568,1.750775116269792,0.27206767833156553,0.22870842572320432,428,754,False
228,arch,5.169404707216485,5.059736341721945,0.9393276537345642,5.059736341721945,0.9283761466909893,0.9250453981388694,545,445,True
229,flat,0.4317421917563798,1.8135983502308073,0.40882175437517965,1.8135983502308073,0.3438058703455354,0.2753288784752806,421,714,False
230,block,0.31252830635329387,1.6993178677569065,0.4665858078091632,1.6993178677569065,0.26055089975670487,0.19103151565369872,429,617,False
233,block,0.7976929629222517,1.8249325239059428,0.32441752718814415,1.8249325239059428,0.27827724688004835,0.2035971468406582,411,724,False
234,beam,0.2733519299132904,1.859349768287358,0.2906899145423745,1.859349768287358,0.2973754514094134,0.06842271553690776,1868,650,False
235,flat,0.28815630831744354,1.9452946810647038,0.2665088639134792,1.9452946810647038,0.29095862908599074,0.22377470898194032,430,741,False
236,beam,0.5114574224666633,2.129766132531697,1.1068732961973726,2.129766132531697,1.0964215452602095,1.0999049366371196,348,268,False
237,block,0.4289434824174007,2.1836590096279234,1.248741156271236,2.1836590096279234,1.207341508142391,1.1740226888642695,1159,631,False
238,block,0.47269299526834135,1.7909424063473938,0.2935099671507509,1.7909424063473938,0.23760052966494996,0.011428430047816409,464,675,False
240,flat,0.11957478039184542,1.7727792664701079,0.26615854922535476,1.7727792664701079,0.2886247616776468,0.21026724782749456,436,736,False
241,flat,0.4238713896932646,1.7918726199981487,0.3889580604056757,1.7918726199981487,0.4639737530150172,0.23583801466417778,431,348,False
242,flat,0.3843689525168618,2.4218292574860825,1.6409209182525308,2.4218292574860825,1.5973258568242887,1.5787597802026168,1061,332,False
245,flat,0.32385362270057927,1.7981983003645396,0.4026839309291991,1.7981983003645396,0.26101040112439233,0.19082506815706102,425,676,False
246,flat,0.41874572329943294,2.3457220190003527,1.5876840704507424,2.3457220190003527,1.6185343270112666,1.560242005403048,301,333,False
247,beam,0.375147535817485,1.7967548653736811,0.3854474295801494,1.7967548653736811,0.36685614945125583,0.19723434419397762,436,665,False
248,block,0.9744225743474025,1.9383107422982322,0.3656370186859077,1.9383107422982322,0.26367136921773077,0.26258398641594904,422,993,False
249,flat,0.5750846375721425,1.7632897135444188,0.32204053604004657,1.7632897135444188,0.3366415117102162,0.18871521184555534,431,704,False
252,block,2.9141453985392487,1.755852782875829,0.39054210394264305,1.755852782875829,0.3315877423445134,0.26247146387441733,422,858,True
254,block,0.3252548341903215,1.415215336872602,0.6834397549510058,1.415215336872602,0.8840797921521613,0.7435722889847861,528,705,False
255,flat,2.08082676136227,1.8223934453173136,0.323141877155953,1.8223934453173136,0.2727498254501026,0.10153171734296845,423,1631,True
256,butterfly,0.2811699298719056,1.7556140389840684,0.4286218583294799,1.7556140389840684,0.5687465463109466,0.4485380271503029,399,737,False
257,butterfly,0.319207824444005,1.7800044896571643,0.3748270602658227,1.7800044896571643,0.4442804692199488,0.35875577210417714,425,762,False
258,flat,0.3250233151491109,2.0598523452896376,1.0056467327715148,2.0598523452896376,1.0680589054013725,0.9720197868603507,517,706,False
259,block,0.384647630663043,1.9822380545754315,0.9581392515985796,1.9822380545754315,0.8954074616095166,0.8599910313360992,516,739,False
261,flat,7.5575767446369255,1.969000557731864,1.035949450969388,1.969000557731864,0.9474443341080845,1.0051407059722002,519,480,True
262,flat,7.543779445929226,1.9839561889814306,0.9610931342632352,1.9839561889814306,0.9108061462973555,1.0187686204557647,519,476,True
266,butterfly,0.4984235588411886,1.7610350846895493,0.40347245748199123,1.7610350846895493,0.4682676820600062,0.4488350987716406,388,683,False
267,block,0.5281249616963412,1.8628798829067144,0.3905327071038121,1.8628798829067144,0.3433800845712942,0.25754327951004424,429,711,False
268,flat,0.3458407644581712,1.8504004432905525,0.39069372753029075,1.8504004432905525,0.3556892065772672,0.2513676932142811,433,357,False
269,flat,0.3269134168069274,1.8141910409903164,0.36713834918175114,1.8141910409903164,0.251568567252667,0.2051608969085657,428,780,False
270,arch,0.44315413201806475,1.8690754039219348,0.6322435460195743,1.8690754039219348,0.5878448756200646,0.5387089534479359,1819,1705,False
271,flat,9.525559517609247,6.606610522055397,4.005571506139103,6.606610522055397,4.042446213616027,4.024768444887667,1494,1048,True
275,block,0.5489763269053972,1.8047158899209177,0.33759814200944444,1.8047158899209177,0.25376936420234525,0.18030696772886473,434,756,False
279,beam,2.77585995600337,2.129791286696623,0.8629234454034712,2.129791286696623,0.9191869415471697,0.8385417693382017,502,303,True
280,flat,0.4437123901635433,1.6535617018890618,0.14633561638225515,1.6535617018890618,0.295020616984701,0.06791530515357437,463,352,False
281,block,0.4890801681426525,2.568033158802325,1.6833411420665931,2.568033158802325,1.8005402034991076,1.7777746175688314,1196,627,False
282,block,0.4185968874616665,1.8267810319572086,0.3535746479776341,1.8267810319572086,0.3348140224364051,0.18810136356387472,428,558,False
284,block,0.9824041161949271,1.8388398207140355,0.3673433258960479,1.8388398207140355,0.3974470009690913,0.20857901095786968,431,658,False
285,arch,0.7224455548981024,1.8207586598603145,0.4021559251330225,1.8207586598603145,0.41301835228777933,0.5636979188251245,447,732,False
289,flat,0.5525164859187744,1.9854109749756612,0.3027814033227791,1.9854109749756612,0.3667169811934248,0.18702520748289198,422,755,False
290,flat,0.47851508448317176,1.800872744613256,0.34779266179091745,1.800872744613256,0.3184544107901447,0.18524676175029786,454,562,False
291,flat,0.6082689590831689,2.42862566849815,0.9290165981598992,2.42862566849815,0.38436055548031134,0.13908269762847092,421,315,False
295,beam,0.4865040836594746,1.7115268133908288,0.26893243735639816,1.7115268133908288,0.27573540344932107,0.09300189191356023,445,553,False
296,arch,0.34310563733645666,1.7699756649494847,0.3095731888806941,1.7699756649494847,0.30872968734327055,0.1831920666207459,432,715,False
297,flat,0.38812175917110037,7.573485462366157,7.379820589928669,7.573485462366157,7.4677471150629975,7.400187546273987,1024,331,True
302,flat,0.3961346636514531,2.382612171908524,0.7992016597067135,2.382612171908524,0.3973152198347661,0.10671041137131201,341,328,False
306,flat,0.7031512250986741,1.9457267287279203,0.6181412931095983,1.9457267287279203,0.635567170600119,0.5454836013011827,361,1056,False
308,flat,0.4542338019531472,2.1483960001270233,1.1825986854873864,2.1483960001270233,1.1338691269027108,1.113391808996716,1701,1692,False
309,flat,0.4542338019531472,2.1350423999252657,1.1825986854873864,2.1350423999252657,1.1338691269027108,1.113391808996716,1697,1692,False
310,arch,1.7958118854128888,1.8383194252321273,0.23805749764002437,1.8383194252321273,0.29105254901026745,0.046897029432509736,441,222,False
311,flat,1.4318229655868329,2.181378989060778,1.0926331202676354,2.181378989060778,0.9948501353372662,0.9704850053429943,456,1039,False
312,arch,0.4273167411699963,3.0250566139678026,0.2403168446678985,1.8136448127078533,1.328492870306698,3.0250566139678026,349,700,False
316,block,0.5633654450555254,1.807169462161504,0.30464826734157,1.807169462161504,0.30819958614624426,0.18558188844963774,437,672,False
318,flat,0.5989264171279122,2.1145074064127294,0.8040514591818253,2.1145074064127294,1.0882122684058035,1.0183904858230268,673,371,False
319,flat,0.5819797888224241,1.7300512406326725,0.37314654317110535,1.7300512406326725,0.2933330823652916,0.06893380685107212,453,513,False
320,block,0.3341352556044994,1.8040868768975606,0.3536630204163918,1.8040868768975606,0.2822735593543016,0.2639249083941853,450,580,False
321,block,0.6327789352925722,1.7999923218918745,0.3222906086218776,1.7999923218918745,0.31000275594189736,0.17265465983005718,434,621,False
322,butterfly,0.3457945451800468,1.720002434961269,0.36103910989526344,1.720002434961269,0.35053511053055186,0.1803978075039832,440,651,False
323,butterfly,0.4306086211239751,1.7994503543243123,0.3617922108693694,1.7994503543243123,0.3044784023400017,0.18196456303369754,443,618,False
324,arch,0.7200233705282997,1.7735066131903214,0.29271198109358276,1.7735066131903214,0.18499562271883327,0.07704416950647634,448,238,False
325,block,0.3203967110670978,2.3326010064618994,1.5719377022264205,2.3326010064618994,1.528357277801402,1.500149162103247,1165,621,False
329,block,0.4687910233529312,1.8447725042146563,0.3880743489091803,1.8447725042146563,0.3305763331719516,0.23578064529574153,420,1048,False
331,block,0.500049417989881,1.8244629664786909,0.560764923289169,1.8244629664786909,0.2848369344618281,0.1900076400222843,424,613,False
332,flat,0.3929053139664659,2.064052058401805,0.9608748790628455,2.064052058401805,0.9440810383969656,0.9674303759938524,807,1027,False
335,block,0.4414911459634536,1.8798711885194699,0.41482577692046124,1.8798711885194699,0.4649632549559542,0.2707490864952196,418,542,False
336,block,0.4414911459634536,1.8798711885194699,0.41482577692046124,1.8798711885194699,0.4649632549559542,0.2707490864952196,418,542,False
337,butterfly,1.2737540021625242,4.66747365061071,2.3111525942661206,4.66747365061071,3.082044741798286,2.223121861520219,1878,960,False
339,flat,0.6357203437481083,1.8293569264953244,0.34500726581629354,1.8293569264953244,0.32770072829762753,0.15728514222705517,432,729,False
342,arch,0.20886282284008706,1.6920008131170727,0.5363235610052914,1.6920008131170727,0.25190176396306807,0.17576594299182538,414,592,False
345,flat,0.7257946083216719,1.7038696417361097,0.2497849642500172,1.7038696417361097,0.36693482159728047,0.08287886112252399,757,509,False
348,flat,0.8708504948793447,1.786802860394339,0.3084666511705,1.786802860394339,0.25861442202149176,0.03277650178655649,445,370,False
351,flat,0.2530179286563327,1.8066579306463784,0.37779645926918287,1.8066579306463784,0.15519404592786543,0.059092573093608394,425,354,False
356,flat,28.99932317027195,59.46295168344564,1.7910930912676293,59.46295168344564,15.017120133546975,1.825894061130602,572,1590,True
357,flat,0.3808841102514617,3.2392753424612586,2.7154456123422843,3.2392753424612586,2.6919255696875135,2.6728256480290162,1035,1627,False
361,flat,0.4046987001174899,1.7205695838298944,0.3400102577639087,1.7205695838298944,1.008700364006882,0.2227534395063484,422,367,False
362,other,0.8474540803985807,1.8969308982637387,0.38009572033458144,1.8969308982637387,0.2603607949024472,0.17230102085867985,423,942,False
364,block,0.44265782904778783,2.046761801713683,0.7734208318215454,2.046761801713683,0.9043924433418725,0.9092177513599596,568,709,False
365,butterfly,0.42328090098590165,1.8569606663353213,1.0956381025727018,1.8569606663353213,0.9247641687924109,1.0736116294340032,542,401,False
366,flat,6.651160819022488,1.755385766717291,1.2112316336317746,1.755385766717291,0.5183278646456462,0.21109679501991838,430,458,True
369,butterfly,3.9627207264166393,2.0091528144237256,0.5100840658776632,2.0091528144237256,0.48455468982898997,0.31559255507653633,561,310,True
371,flat,0.6585684942609428,1.8093083880235497,0.4257784768238916,1.8093083880235497,0.5867166548242684,0.2658454791781044,421,364,False
373,arch,0.9570610581703632,2.476582766699752,1.7927363367542095,2.476582766699752,1.778726270468306,1.735533039798223,1659,1765,False
374,arch,5.201806380455265,4.939571413546149,0.31575523700861075,4.939571413546149,0.31460935849985355,0.13074717316543935,464,391,True
375,arch,0.448036708140101,1.7766423343682494,0.2828632532785639,1.7766423343682494,0.27848425783588654,0.03691447325772086,455,1056,False
377,flat,0.5628469500970911,1.8032919164848331,0.39426004357476757,1.8032919164848331,0.25747690067606516,0.18183164552093992,419,356,False
378,arch,0.5440979986560331,1.8829863238245892,0.7702373285649176,1.8829863238245892,0.6275372649945448,0.5267132907835831,530,1021,False
379,flat,0.4029497953238416,7.547693733301801,7.547693733301801,7.425023338470553,4.306133269782187,4.441425826680536,899,330,True
380,block,0.21215212518617446,1.798547125742093,0.2904056205577273,1.798547125742093,0.2577392163868753,0.026008559915985635,469,733,False
382,flat,15.491917325251357,73.27159723792171,13.784956231768383,73.27159723792171,14.912413689589888,1.0369494444052976,528,317,True
383,flat,15.66940419348645,73.27337697349586,13.732445728238108,73.27337697349586,14.869691457352053,0.027984315066220615,452,314,True
384,block,0.6200166857227644,1.891888175671601,0.3180040036483394,1.891888175671601,0.2790654461863417,0.18438383470186628,431,720,False
386,flat,15.66940419348645,73.27337697349586,13.732445728238108,73.27337697349586,14.869691457352053,0.027984315066220615,452,314,True
387,flat,15.477799609677,73.25256191299773,13.70026741754013,73.25256191299773,14.90341382563903,1.0752444042122145,525,310,True
388,flat,0.38018448376372954,1.7762265483554465,0.3081180352071799,1.7762265483554465,0.3319460408058105,0.1862371632486064,441,357,False
389,arch,0.5152257309853773,1.7906751798680582,0.4411076889614143,1.7906751798680582,0.393318259347239,0.2796344650444676,1835,679,False
390,arch,0.29002005174591905,1.9037531089358386,0.42401839614496595,1.9037531089358386,0.35659986696663165,0.2690819848533685,1846,713,False
393,flat,4.915518134378618,1.3722770892520684,0.7489725571198002,1.3722770892520684,0.9794460724426878,0.6365748973059447,334,593,True
394,block,0.38698498754773963,1.8318361599585404,0.4147397568963023,1.8318361599585404,0.47740511330665913,0.1870732033583985,444,563,False
395,block,0.8475021211548859,1.7740918493512452,0.31251567041581774,1.7740918493512452,0.2346964261333563,0.17185743953811378,427,641,False
398,butterfly,0.625265215880034,2.2267869430052927,1.1093293130007826,2.2267869430052927,1.0676654035486812,1.071517801896072,648,664,False
400,beam,0.3807142751259761,1.8165160213732872,0.37609873743062033,1.8165160213732872,0.32609951151838923,0.1775553498963788,1797,1735,False
403,block,0.6675696500534944,1.7494972179654547,0.4249195115971086,1.7494972179654547,0.39980363385461565,0.23094844689932345,426,706,False
406,flat,0.4016987485652567,1.7280376506367114,0.5307099344816004,1.7280376506367114,0.44982213129128573,0.31653480735919565,597,547,False
407,flat,13.333233542914957,73.30255439291015,14.091164615502056,73.30255439291015,15.217814599162184,3.331523126194439,690,366,True
411,block,0.5370260945242166,1.803262707527837,0.266903044274904,1.803262707527837,0.3225957035568376,0.24885224457103164,426,622,False
412,other,23.271171534547054,2.3767026852321593,1.5708121806426256,2.3767026852321593,1.5859751703113456,1.5737065720574912,601,378,True
413,other,23.276404954960004,2.3727766011654707,1.5587619465409837,2.3727766011654707,1.5903568264419012,1.5749082382085415,601,378,True
415,arch,0.5709041772951762,1.7624010485396624,0.32116001809575945,1.7624010485396624,0.3433127115229416,0.19921681101200406,427,719,False
416,flat,0.7622735130207728,1.758200776157536,0.35399488763316644,1.758200776157536,0.32360509825088324,0.1811575029233094,442,673,False
417,arch,0.5648696083717758,1.7351055533113897,0.53707709555339,1.7351055533113897,0.37237985332231843,0.1907196648648758,424,775,False
418,flat,0.3117682299704256,1.8699138006484093,0.42283943821411185,1.8699138006484093,0.28443989048447804,0.2009065650964229,422,563,False
419,block,0.2905752999083152,1.8482217162147776,0.3775396288710256,1.8482217162147776,0.3224625507047406,0.20468733367557854,417,520,False
420,other,0.5539923101860893,3.791706997350218,2.8524554074613166,3.791706997350218,0.6689450547851215,0.6015347566360828,620,663,False
421,flat,0.45704904843426586,1.841261100767322,0.3584720229577027,1.841261100767322,0.33641065805942993,0.24594280581343467,431,673,False
422,flat,0.21916011296472676,1.8683556950956348,0.4075751220437884,1.8683556950956348,0.326887058292426,0.17181058900959917,437,356,False
424,block,0.45497034791865415,1.7992921021577826,0.614264627090505,1.7992921021577826,0.5725587827519399,0.5740440981522602,912,754,False
425,block,0.3937799310688431,1.8732497485109014,0.346889187942333,1.8732497485109014,0.3062796661583761,0.20339371967825437,438,331,False
427,flat,0.33601048691568197,1.7739618143776859,0.29386475055257516,1.7739618143776859,0.4499254012321164,0.22678520275094574,421,610,False
428,block,0.33359953346552235,1.9718281287460107,0.3398759972222255,1.9718281287460107,0.29171267950372803,0.11968239767576236,419,337,False
432,flat,0.524558521723414,1.8661822159039771,0.5955681206504023,1.8661822159039771,0.28444665507878286,0.2082303635678314,426,642,False
433,flat,0.4946902177279543,1.8011045029005872,0.3776190226239079,1.8011045029005872,0.29326995917879173,0.20005688243091085,435,314,False
434,flat,0.7783894407238641,1.7407245741269852,0.367107483542869,1.7407245741269852,0.27702446404646824,0.22627204171691281,425,743,False
437,block,0.4008697444661518,1.8562938828881954,0.2312878407332765,1.8562938828881954,0.319375319454319,0.22905834885622392,423,767,False
438,flat,0.6880277595883016,1.8057815701281312,0.3691746326971304,1.8057815701281312,0.3184388881058418,0.18911863299771098,429,724,False
439,flat,0.40270121925299884,1.9038282109003732,0.37679950019881353,1.9038282109003732,0.26086410030526047,0.18900972385826842,423,312,False
440,flat,0.5903312593597785,1.8679282468781777,0.39328860988573555,1.8679282468781777,0.34396614518574575,0.17425373515773068,435,355,False
441,butterfly,0.6083957129662707,1.8296624275803237,0.35432606121887483,1.8296624275803237,0.31847636495913134,0.22694260082720388,434,672,False
446,flat,5.4174290899505975,1.7875558422568316,0.36765573896711545,1.7875558422568316,0.4002390489408663,0.27483106415734465,419,366,True
447,flat,0.5035625883295849,1.905083516065223,0.7968182622432465,1.905083516065223,0.755785956421272,0.7432553473455377,369,759,False
448,beam,0.4545311752726096,1.800914742783683,0.35115919183651934,1.800914742783683,0.31104288670297675,0.2243246407627264,438,389,False
449,block,0.3783842537462642,1.7799347665682745,0.5734804722029108,1.7799347665682745,0.5639533536350467,0.27220057717070173,421,759,False
454,arch,0.6373646176090682,1.7737692683112676,0.2853882239432101,1.7737692683112676,0.33800478007269513,0.2275923465671705,430,617,False
456,beam,0.6884578633862339,1.7557428034597926,0.3390947091730127,1.7557428034597926,0.38891453438896323,0.23592490049089854,430,628,False
459,flat,0.14704911734721252,1.8004628954245872,0.35218265838408974,1.8004628954245872,0.31209222541837195,0.17586265853597874,448,647,False
460,flat,0.25136971837365185,1.8090950290048793,0.3784350687432228,1.8090950290048793,0.33588310765371476,0.24803574331822836,434,529,False
461,beam,0.685280041158717,3.581348947948045,1.9943018000661215,3.581348947948045,1.823506407048365,1.8733020184603835,797,1024,False
462,beam,0.4737829845320327,3.4278344891943697,2.0002361179511303,3.4278344891943697,1.8057093468322245,1.8863008441625568,796,819,False
464,arch,0.4454948517789569,2.0213061841826954,0.8608766758198373,2.0213061841826954,0.8082202334842519,0.778566450958142,557,677,False
465,block,0.8269501801963349,1.8006902465604129,0.3538773839550129,1.8006902465604129,0.31254932827108695,0.17693747643009824,448,599,False
466,flat,0.413548181299683,1.9175200758711681,0.4173388770338236,1.9175200758711681,0.3583347795364594,0.041764494481799995,479,316,False
471,beam,0.83844802451852,1.8343941419189342,1.353413143614915,1.8343941419189342,0.3183257925126281,0.1391866416478134,415,338,False
472,beam,0.5071023195480209,1.8285931803370823,0.35607160713262803,1.8285931803370823,0.286231591219773,0.176834207790954,437,351,False
473,butterfly,0.581897905386437,1.78595698942329,0.31564029917641284,1.78595698942329,0.22173636946772357,0.10191418541762114,466,363,False
474,block,0.29758780671550444,1.7025691117276027,0.3304928401185447,1.7025691117276027,0.3931964008040039,0.17443787373973252,431,735,False
475,block,0.4337090816318934,1.807297557012358,0.32982018184351414,1.807297557012358,0.2161040614280558,0.19996865172242811,429,748,False
476,block,0.35263402455543624,1.8970224422028819,0.3081737339850026,1.8970224422028819,0.436671053225994,0.25576564451655665,425,733,False
479,butterfly,0.6729951048508259,1.7311349558373446,0.3040493705350019,1.7311349558373446,0.17151287426070508,0.08431019735397764,784,2089,False
482,flat,0.4532327237958825,2.0562861904388536,0.5752031760314698,2.0562861904388536,0.3132513308122042,0.45025159533992315,394,1057,False
483,flat,0.4532327237958825,2.013618255394511,0.5752031760314698,2.013618255394511,0.3132513308122042,0.4093416927881129,398,1057,False
484,flat,0.4518355517611014,1.9732144521217012,0.5641598245706302,1.9732144521217012,0.3083294050965662,0.32491497818894943,390,319,False
485,block,0.4255225671434656,1.6710043013186378,0.38550294191080936,1.6710043013186378,0.3048953610519738,0.3071262667255005,418,753,False
486,butterfly,0.4262454035053199,1.7802999283410397,0.4022295796659372,1.7802999283410397,0.8695733552257238,0.9078736808121978,576,702,False
488,flat,0.2981349162367003,1.8606529796686837,0.41018330862994345,1.8606529796686837,0.41519096480321954,0.2535832607131377,429,677,False
489,flat,0.6073630324962825,1.8166340790786888,0.5280414255504498,1.8166340790786888,0.34923628142610963,0.2819338995693399,418,656,False
492,flat,0.5396060824493475,1.8193156203753427,0.366830120502812,1.8193156203753427,0.2701799807015548,0.18374386283324418,434,818,False
493,block,10.640321313774788,1.7093700736470028,0.3709359591002477,1.7093700736470028,0.31691585542051937,0.23273974219732885,432,350,True
494,flat,0.5849843484185322,1.8376757116295548,0.36814540928539685,1.8376757116295548,0.3186395353397902,0.1797930338021634,429,742,False
495,block,0.6668415336372726,1.8671618433809607,0.379549535145547,1.8671618433809607,0.3173482600104455,0.19102702136736469,428,752,False
496,butterfly,0.582410421088131,1.9844988910208534,0.8284961152071848,1.9844988910208534,1.0568005084063876,0.9019365518410799,1248,740,False
497,butterfly,0.3984469889087874,1.786977601217083,0.2796547098404082,1.786977601217083,0.33340983720613165,0.124183022327413,463,1624,False
498,butterfly,0.572251489560513,2.0906221618410354,1.4104789664042376,2.0906221618410354,1.6821090409557513,1.5382395401924667,1181,636,False
499,butterfly,0.2434330330901435,1.812328569364037,0.28798142939876514,1.812328569364037,0.382911855851997,0.1919403601992575,435,524,False
500,arch,0.7596722806013942,2.2689813042580775,1.2957363267297153,2.2689813042580775,1.2252912392052933,1.093808296010447,777,651,False
501,flat,4.211382635824644,5.6158157198326375,1.629287912557315,3.1189252349630863,5.6158157198326375,2.7887422249315064,559,314,True
504,beam,0.3975781576143957,1.8380405068019505,1.8380405068019505,1.7117656347129175,1.78489337703645,1.804908454331203,405,317,False
506,beam,0.47914092095671673,1.7643947560791076,0.373110369775579,1.7643947560791076,0.3298604489552805,0.19153470638736883,434,727,False
507,flat,0.468170116631566,1.8076594892272804,0.48595217246166716,1.8076594892272804,0.29666794319536655,0.20122710728962379,432,352,False
510,block,0.6596285874074539,1.8602437645331513,0.3951925466045456,1.8602437645331513,0.21873649815245802,0.16303256417924647,421,709,False
511,butterfly,1.1953892090719598,1.837904329046627,0.3746308703331606,1.837904329046627,0.2828411988348362,0.1598180959966908,438,639,False
512,butterfly,0.38489999783260376,1.6363667617370943,0.18221006045825905,1.6363667617370943,0.3638453839147474,0.06385740461789838,447,314,False
513,butterfly,0.44675582080200116,1.7960862028798215,0.3176600021434,1.7960862028798215,0.28144638932187016,0.10279187941176182,1856,1730,False
514,flat,0.4111786124537984,1.9562352898530257,0.6874044904700647,1.9562352898530257,0.7310508925606419,0.6425376384938778,592,350,False
515,butterfly,0.454718245688503,2.052949365638623,0.6933680798181433,2.052949365638623,0.6682239734976513,0.6645115887607131,591,334,False
517,flat,0.3803335590040547,1.7803795262501194,0.3284707296529881,1.7803795262501194,0.3689089737529937,0.3317120565719113,475,253,False
518,other,0.4374585145816301,1.6485884455384536,0.29844963612075653,1.6485884455384536,0.44391141872805734,0.4513905096940796,401,353,False
519,flat,0.6716645054528312,1.829483838020135,0.3540932210841977,1.829483838020135,0.29495811688800194,0.27666586994508735,429,718,False
520,flat,0.2554127171357709,1.6893044674989748,0.7475331889695067,1.6893044674989748,0.6002328357870046,0.4339333504599534,531,332,False
523,butterfly,0.5075370676713972,1.882635059620032,0.5186571346045104,1.882635059620032,0.369779212990608,0.37952840646141295,406,359,False
524,butterfly,0.6019704283267931,1.7785643202465387,0.5380275439978434,1.7785643202465387,0.3025978467258792,0.4040275592291965,409,751,False
525,block,0.7385781611789055,1.783942579039027,0.3657349159638828,1.783942579039027,0.29841565201124576,0.25971927604819545,424,649,False
527,block,0.29734100523861,1.838898909402604,0.3393060768334333,1.838898909402604,0.1827618307934215,0.18411175116994744,422,709,False
533,beam,0.8165015887075505,1.8025676972926092,0.3386325742594192,1.8025676972926092,0.3634545696115975,0.18594939879639866,442,408,False
534,butterfly,3.991708752465873,5.440103006403422,2.516235396850182,3.6634793671184993,5.440103006403422,2.4389585751530487,915,315,True
535,block,0.5015757904165934,1.796851639560342,0.3888209405661268,1.796851639560342,0.3055517455478735,0.16583943821984823,440,647,False
536,beam,0.535818858474353,1.7930290625555168,0.30992825334553936,1.7930290625555168,0.3031697901686762,0.07586324332334379,420,812,False
537,block,0.5455438012965635,1.7081374496912554,0.4048033319497061,1.7081374496912554,0.30418786727793135,0.21475417954130485,431,638,False
538,block,0.6765562935083275,1.8665820837303109,0.3304238087647792,1.8665820837303109,0.3080815484934133,0.25708767440753794,429,717,False
545,block,0.5376781804011481,1.793657427980842,0.4399589014801168,1.793657427980842,0.43876234992275476,0.25891833715113854,1820,719,False
546,block,0.3782850697986529,1.7325962851847538,0.3885603843451997,1.7325962851847538,0.3340557326044415,0.2345728069792601,439,653,False
547,block,0.36560447777258703,1.8874243500029513,0.7282442253022691,1.8874243500029513,0.5736103291162267,0.5605999847252415,490,668,False
548,flat,0.43066643773222446,1.8485662520050805,0.5832133078582655,1.8485662520050805,0.6206893895537798,0.2784956229655177,554,572,False
549,block,0.4453951959291197,1.8937650535082382,0.31050231028998576,1.8937650535082382,0.7860994731094405,0.3066922337503802,417,739,False
550,block,0.41803478016339385,1.7985595412333195,0.38777634195472027,1.7985595412333195,0.35626290713348857,0.17730153540207358,435,1636,False
551,flat,0.3936504502059168,1.7614867954163147,0.3617478338749993,1.7614867954163147,0.9391100630444047,0.6566963039699184,500,545,False
552,block,0.6296558893900492,1.8676168752487952,0.3685088305633363,1.8676168752487952,0.4795702681912495,0.2159087127598796,415,734,False
553,flat,0.30358289180344794,1.8744820596092748,0.6332929137539401,1.8744820596092748,0.9880767176841089,0.7962257414686587,499,642,False
554,flat,0.4112255887696039,1.932702575263258,0.3267763397223982,1.932702575263258,0.39811429546743626,0.24426555973503564,425,759,False
556,beam,0.4542464423774621,1.8611305844259642,0.37307704783371515,1.8611305844259642,0.250172150779556,0.11238048347853001,482,315,False
559,flat,0.39669637788595086,1.8013719295015227,0.31376849747159785,1.8013719295015227,0.3167320100761642,0.2105118902938895,441,583,False
560,flat,0.6695585345866476,1.731642910409239,0.3249747413010829,1.731642910409239,0.27051107550985265,0.2343562044193536,413,730,False
561,beam,0.4620975271655789,1.792880803412788,0.6389910108085708,1.792880803412788,0.5135520108473882,0.19964526488702572,449,327,False
562,beam,0.3866453233424229,1.792881682397311,0.6389910108085708,1.792881682397311,0.5135520108473882,0.19964526488702572,449,1717,False
564,flat,0.43204003615156167,1.79935666937813,0.45308559161507683,1.79935666937813,0.22519328470096714,0.11385215295670009,419,1036,False
565,flat,0.4114034531268195,1.7964566327302214,0.35518209110065135,1.7964566327302214,0.29265383975819403,0.16682593196559875,423,1026,False
566,block,0.35896352940239756,2.0450161333442476,0.7329746307809515,2.0450161333442476,0.5662205004136814,0.5347609919077482,471,646,False
569,arch,0.3521863336083151,1.8464994141456894,0.6671542266376904,1.8464994141456894,0.7127814131701437,0.5798300948375826,379,710,False
570,flat,0.298365424428086,1.7888677170067928,0.3635815705576099,1.7888677170067928,0.33496691527426037,0.17933524163325254,440,727,False
571,butterfly,4.505161015286984,5.274612432771421,2.0116181565746794,3.2905782574663966,5.274612432771421,2.572355573008931,805,315,True
572,arch,0.4346501655360055,1.8235157852878052,0.32558529424366833,1.8235157852878052,0.3186510808606037,0.2326948358877621,412,771,False
575,flat,0.442870931633911,1.8048858431299095,0.5911219857461717,1.8048858431299095,0.22176286336127046,0.18925379384441987,424,745,False
576,arch,0.3334052330611871,1.7970285944014759,0.7476083986259321,1.7970285944014759,0.7013021993653002,0.6948742159082735,361,759,False
580,flat,2.8292340639130718,2.386226347732029,1.653086941691567,2.386226347732029,1.6313905871014067,1.6180753518556497,258,311,True
586,butterfly,0.3498973695181953,1.9173499435207915,0.31827042998077787,1.9173499435207915,0.38878372129063804,0.2044495560368384,427,552,False
587,other,0.4768790620741036,1.7947767109838004,0.410248819591745,1.7947767109838004,0.43862275183788957,0.17327637348537464,428,725,False
589,flat,0.4832948095597006,2.0124778310339524,0.5619253840807208,2.0124778310339524,0.38930523008347245,0.42663524434668976,463,748,False
590,flat,0.4325247061028916,1.8106996927213956,0.3706267200134025,1.8106996927213956,0.9039312645718046,0.8588241142106743,1558,355,False
592,block,0.42699890980196276,1.8744137425393472,0.33048521015372384,1.8744137425393472,0.25527261847032173,0.21318854722708003,425,738,False
595,arch,7.591502283643565,4.797273933126252,0.4973065234745813,2.9696507857101935,4.797273933126252,0.32104136969066666,398,462,True
596,flat,0.39279318385855816,2.841662179537999,2.296094754258181,2.841662179537999,2.252067949678663,2.2415192364824144,606,545,False
597,arch,0.4832948095597006,2.0124778310339524,0.5619253840807208,2.0124778310339524,0.38930523008347245,0.42663524434668976,463,748,False
598,flat,2.8347600101794135,2.4022240531056425,1.627349323441139,2.4022240531056425,1.6420659739468635,1.6060307126878621,254,315,True
600,beam,1.391034442332842,1.8739794461402044,0.4054790629684167,1.8739794461402044,0.44495540151979274,0.5071788531376293,482,363,False
601,flat,17.944061420616162,73.36061259450123,14.379573225297241,73.36061259450123,15.40938540569849,4.196067405962143,754,366,True
605,butterfly,0.39529957038661967,1.8211286673732292,0.34762905506776165,1.8211286673732292,0.31603938487811495,0.1921241194520698,1971,1765,False
606,flat,0.4538728903604651,2.161987970304063,1.266292389831004,2.161987970304063,1.2678939802890228,1.20750737790886,292,335,False
610,block,0.9277154140269006,1.8026694960156873,0.3635456819736435,1.8026694960156873,0.3222043949908562,0.1932339317145659,448,621,False
611,beam,0.4844207499455513,1.7349859494693536,0.6895653563583343,1.7349859494693536,0.2545958930811321,0.33635496942768833,742,655,False
614,flat,5.086443094651112,7.32161257856256,7.32161257856256,6.904677258758927,7.028228961287903,6.678885660446675,970,659,True
615,block,0.4728595783750412,1.7876346577792939,0.49381864773219225,1.7876346577792939,0.3465771826117797,0.3218180518695027,434,683,False
616,flat,0.48017917319030257,1.7184628261991288,0.277111786516021,1.7184628261991288,0.3093044376904107,0.161109795776683,439,1101,False
623,beam,0.3791216757710341,1.7907603705322264,0.2752502195569095,1.7907603705322264,0.3838784082084501,0.19952071883721792,442,747,False
624,flat,0.3717167021089836,1.8934525321052502,0.6041526519751469,1.8934525321052502,0.34606181538330316,0.284732122305769,682,768,False
625,beam,0.3802007179634975,1.7315283151934857,0.6961894291903117,1.7315283151934857,0.25464985854043826,0.29865185000047506,743,624,False
626,flat,0.429022047453878,3.231104674211074,2.752386522048625,3.231104674211074,2.7395269354373246,2.7321667229500943,1010,897,False
628,arch,0.42880182026131625,1.8345024489648591,0.382117753756575,1.8345024489648591,0.44439619989298185,0.08444795873616483,1858,673,False
630,beam,0.6529541033802401,1.8506850636886676,0.39593234995211035,1.8506850636886676,0.2923270199584623,0.10447038385517797,484,313,False
631,beam,0.3121540469070773,1.7978455089154783,0.6431218227156662,1.7978455089154783,0.8205144818081203,0.6153006790485415,489,331,False
633,block,0.4061653596452087,1.8217781049092432,0.438922596269833,1.8217781049092432,0.40786362310943175,0.27673769343827065,426,676,False
634,block,0.3467905327297907,1.9420547333534928,0.760749877243476,1.9420547333534928,0.7009274389064679,0.6782529699109076,579,760,False
